<?xml version="1.0" encoding="UTF-8"?><?xml-stylesheet type='text/xsl' href='_UpgradeReport_Files/UpgradeReport.xslt'?><UpgradeLog>
<Properties><Property Name="Solution" Value="HIDBootLoader">
</Property><Property Name="Archivo de la solución" Value="C:\Users\Robo3001\Desktop\USB BOOTLOADER\[+]HID Bootloader - PC Software\HIDBootLoader.sln">
</Property><Property Name="Date" Value="martes, 19 de enero de 2010">
</Property><Property Name="Time" Value="16:45 p.m.">
</Property></Properties><Event ErrorLevel="0" Project="HIDBootLoader" Source="HIDBootLoader.vcproj" Description="Ya no se permite la implementación web en el servidor de IIS local. La herramienta de generación de implementación web se ha quitado de la configuración del proyecto.">
</Event><Event ErrorLevel="1" Project="HIDBootLoader" Source="HIDBootLoader.vcproj" Description="Esta aplicación se ha actualizado para incluir la configuración relacionada con la característica Control de cuentas de usuario (UAC) de Windows Vista. De manera predeterminada, cuando se ejecuta en Windows Vista con el Control de cuentas de usuario habilitado, la aplicación está marcada para que se ejecute con los mismos privilegios que el proceso que la inició y para que no pueda ejecutarse con virtualización. Puede cambiar la configuración relativa al Control de cuentas de usuario desde las páginas de propiedades del proyecto.">
</Event><Event ErrorLevel="0" Project="HIDBootLoader" Source="HIDBootLoader.vcproj" Description="Proyecto actualizado correctamente.">
</Event><Event ErrorLevel="3" Project="HIDBootLoader" Source="HIDBootLoader.vcproj" Description="Converted">
</Event><Event ErrorLevel="0" Project="" Source="HIDBootLoader.sln" Description="La solución se convirtió correctamente">
</Event><Event ErrorLevel="3" Project="" Source="HIDBootLoader.sln" Description="Converted">
</Event></UpgradeLog>